<root>
  <basicDetails>
    <schedule />
    <annexure />
    <cd_statement />
    <Receipt_Letter />
    <Quote_Slip />
    <Performa_Invoice />
    <HCN />
    <GST />
    <PAN />
    <MPH_Card>new-MPN-01.pdf</MPH_Card>
    <Endt_Card />
  </basicDetails>
  <endorsements>
    <basicDetails>
      <EE_Endt_Schedule />
      <EE_Endt_Annexure />
      <EE_Endt_CD_Statement />
    </basicDetails>
    <Ecards>
      <Endt_ECards>new-MPN-09.pdf</Endt_ECards>
    </Ecards>
    <Ecards>
      <Endt_ECards>new-MPN-08.pdf</Endt_ECards>
    </Ecards>
    <Ecards>
      <Endt_ECards>new-MPN-07.pdf</Endt_ECards>
    </Ecards>
    <Ecards>
      <Endt_ECards>new-MPN-06.pdf</Endt_ECards>
    </Ecards>
    <Ecards>
      <Endt_ECards>new-MPN-05.pdf</Endt_ECards>
    </Ecards>
  </endorsements>
</root>